<?xml version="1.0" encoding="UTF-8"?><rss version="2.0"
	xmlns:content="http://purl.org/rss/1.0/modules/content/"
	xmlns:dc="http://purl.org/dc/elements/1.1/"
	xmlns:atom="http://www.w3.org/2005/Atom"
	xmlns:sy="http://purl.org/rss/1.0/modules/syndication/"
	
	>
<channel>
	<title>
	Comments on: katfile vs Turbobit	</title>
	<atom:link href="/katfile-vs-turbobit/feed/" rel="self" type="application/rss+xml" />
	<link>/katfile-vs-turbobit/</link>
	<description></description>
	<lastBuildDate>Fri, 15 Nov 2024 08:12:56 +0000</lastBuildDate>
	<sy:updatePeriod>
	hourly	</sy:updatePeriod>
	<sy:updateFrequency>
	1	</sy:updateFrequency>
	<generator>https://wordpress.org/?v=6.7</generator>
</channel>
</rss>
