<?xml version="1.0" encoding="UTF-8"?><rss version="2.0"
	xmlns:content="http://purl.org/rss/1.0/modules/content/"
	xmlns:dc="http://purl.org/dc/elements/1.1/"
	xmlns:atom="http://www.w3.org/2005/Atom"
	xmlns:sy="http://purl.org/rss/1.0/modules/syndication/"
	
	>
<channel>
	<title>
	Comments on: Why choose filejoker.net?	</title>
	<atom:link href="/why-choose-filejoker-net/feed/" rel="self" type="application/rss+xml" />
	<link>/why-choose-filejoker-net/</link>
	<description></description>
	<lastBuildDate>Sat, 03 Jun 2023 12:16:45 +0000</lastBuildDate>
	<sy:updatePeriod>
	hourly	</sy:updatePeriod>
	<sy:updateFrequency>
	1	</sy:updateFrequency>
	<generator>https://wordpress.org/?v=6.7</generator>
</channel>
</rss>
