<?xml version="1.0" encoding="UTF-8"?><rss version="2.0"
	xmlns:content="http://purl.org/rss/1.0/modules/content/"
	xmlns:dc="http://purl.org/dc/elements/1.1/"
	xmlns:atom="http://www.w3.org/2005/Atom"
	xmlns:sy="http://purl.org/rss/1.0/modules/syndication/"
	
	>
<channel>
	<title>
	Comments on: Upstore.net Review — Should I use Free or Premium Account?	</title>
	<atom:link href="/upstore-net-review-should-i-use-free-or-premium-account/feed/" rel="self" type="application/rss+xml" />
	<link>/upstore-net-review-should-i-use-free-or-premium-account/</link>
	<description></description>
	<lastBuildDate>Fri, 15 Nov 2024 08:17:31 +0000</lastBuildDate>
	<sy:updatePeriod>
	hourly	</sy:updatePeriod>
	<sy:updateFrequency>
	1	</sy:updateFrequency>
	<generator>https://wordpress.org/?v=6.7</generator>
</channel>
</rss>
