<?xml version="1.0" encoding="UTF-8"?><rss version="2.0"
	xmlns:content="http://purl.org/rss/1.0/modules/content/"
	xmlns:wfw="http://wellformedweb.org/CommentAPI/"
	xmlns:dc="http://purl.org/dc/elements/1.1/"
	xmlns:atom="http://www.w3.org/2005/Atom"
	xmlns:sy="http://purl.org/rss/1.0/modules/syndication/"
	xmlns:slash="http://purl.org/rss/1.0/modules/slash/"
	>

<channel>
	<title>admin, Author at Filehosting Premium</title>
	<atom:link href="/author/admin/feed/" rel="self" type="application/rss+xml" />
	<link>/author/admin/</link>
	<description></description>
	<lastBuildDate>Sun, 17 Nov 2024 14:25:44 +0000</lastBuildDate>
	<language>en-US</language>
	<sy:updatePeriod>
	hourly	</sy:updatePeriod>
	<sy:updateFrequency>
	1	</sy:updateFrequency>
	<generator>https://wordpress.org/?v=6.7</generator>

<image>
	<url>/wp-content/uploads/2024/11/favicon.png</url>
	<title>admin, Author at Filehosting Premium</title>
	<link>/author/admin/</link>
	<width>32</width>
	<height>32</height>
</image> 
	<item>
		<title>Why You Should Choose an Fikper Premium Account</title>
		<link>/why-you-should-choose-an-fikper-premium-account/</link>
					<comments>/why-you-should-choose-an-fikper-premium-account/#respond</comments>
		
		<dc:creator><![CDATA[admin]]></dc:creator>
		<pubDate>Sun, 17 Nov 2024 14:25:42 +0000</pubDate>
				<category><![CDATA[Uncategorized]]></category>
		<guid isPermaLink="false">/?p=80</guid>

					<description><![CDATA[<p>Fikper offer file storage solutions as well as sharing options for virtually any kind of file you have. The site is the brainchild of a Swiss company and offers both free and paid premium accounts for more features. Fikper offers a free account for anyone willing to sign up. However, better features, better assistance and&#8230; <a class="more-link" href="/why-you-should-choose-an-fikper-premium-account/">Continue reading <span class="screen-reader-text">Why You Should Choose an Fikper Premium Account</span></a></p>
<p>The post <a href="/why-you-should-choose-an-fikper-premium-account/">Why You Should Choose an Fikper Premium Account</a> appeared first on <a href="/">Filehosting Premium</a>.</p>
]]></description>
										<content:encoded><![CDATA[
<p>Fikper offer file storage solutions as well as sharing options for virtually any kind of file you have. The site is the brainchild of a Swiss company and offers both free and paid premium accounts for more features. Fikper offers a free account for anyone willing to sign up. However, better features, better assistance and access to more sophisticated services are limited for those who have premium accounts. Is it worth switching to Premium if you have a Fikper account? Read on to find out.</p>



<p>If you would like to find out more about this provider, please click here: <a href="https://fikperpremium.com/">https://fikperpremium.com/</a></p>



<h2 class="wp-block-heading">Fikper Premium Account Features</h2>



<h3 class="wp-block-heading">Fast and unlimited downloads</h3>



<p>Fikper offers very fast downloads. In cases when downloads get interrupted, it is easy to resume downloads with IDM. The site does not have a limit for downloading but there are cases when users receive a notification that they have maxed out their download allowance for the month. However, you can wait for an hour and enjoy maximum download speeds again. This can happen once or twice a month which is still a huge advantage over other sites that have narrow download limits.</p>



<h3 class="wp-block-heading">Ease of use</h3>



<p>The site is easy to navigate. Fikper uses bright colors and large buttons to direct users to the downloads and the pages are not cluttered with too many ads.</p>



<h3 class="wp-block-heading">Parallel downloads without restrictions</h3>



<p>Users enjoy full-speed downloads with parallel downloads without any of the restrictions typical of free accounts and other file sharing sites.</p>



<h2 class="wp-block-heading">Unlimited storage</h2>



<p>With Fikper, users can store as many files as they want. If you want to store all your digital files in one place, the unlimited storage feature available for Premium users is the best option that you have.<br>Ad-free with no waiting time<br>A premium account gives access to downloads without the clutter of ads on your screen. You also do not need to wait for your downloads to start, unlike in the free versions which requires users to wait from 15 to 30 seconds before a file starts downloading.</p>



<h3 class="wp-block-heading">Email support</h3>



<p>Any problems that premium members may have with usage, speed and the like are immediately attended to by email support.</p>



<h2 class="wp-block-heading">Benefits of Getting a Premium Account</h2>



<p>There are many advantages and benefits of getting a premium account. For one, users avoid download restrictions and annoying captcha.These are the two most common source of annoyances with the free accounts. Free accounts also have a large percentage of interrupted downloads that will take hours to redownload again, glitches that are not experienced by Premium account holders. However, the biggest advantages are unlimited storage and fast downloads which is great if you regularly store or download files and prefer to download multiple files at one go.</p>



<h2 class="wp-block-heading">Payment Methods</h2>



<p>Signing up for a Premium account is easy. You only need to choose the duration of the Premium account that you like and the site will take you to the page with payment options include VISA, Mastercard, Bitcoin, and Google. Once you have chosen your payment option you will be directed to the registration page. Once that is done you can start enjoying your premium account!</p>
<p>The post <a href="/why-you-should-choose-an-fikper-premium-account/">Why You Should Choose an Fikper Premium Account</a> appeared first on <a href="/">Filehosting Premium</a>.</p>
]]></content:encoded>
					
					<wfw:commentRss>/why-you-should-choose-an-fikper-premium-account/feed/</wfw:commentRss>
			<slash:comments>0</slash:comments>
		
		
			</item>
		<item>
		<title>Hotlink.cc Premium Review</title>
		<link>/hotlink-cc-premium-review/</link>
					<comments>/hotlink-cc-premium-review/#respond</comments>
		
		<dc:creator><![CDATA[admin]]></dc:creator>
		<pubDate>Sun, 17 Nov 2024 14:18:01 +0000</pubDate>
				<category><![CDATA[Uncategorized]]></category>
		<guid isPermaLink="false">/?p=76</guid>

					<description><![CDATA[<p>Hotlink.cc is simply a file-hosting platform that allows users to store their data in a safe, and secure manner. Users can upload, download, manage, share, and access their files seamlessly using either a PC or a mobile device. This eliminates the need for physical storage devices such as flash disks, hard drives, and SD cards.&#8230; <a class="more-link" href="/hotlink-cc-premium-review/">Continue reading <span class="screen-reader-text">Hotlink.cc Premium Review</span></a></p>
<p>The post <a href="/hotlink-cc-premium-review/">Hotlink.cc Premium Review</a> appeared first on <a href="/">Filehosting Premium</a>.</p>
]]></description>
										<content:encoded><![CDATA[
<p>Hotlink.cc is simply a file-hosting platform that allows users to store their data in a safe, and secure manner.</p>



<p>Users can upload, download, manage, share, and access their files seamlessly using either a PC or a mobile device. This eliminates the need for physical storage devices such as flash disks, hard drives, and SD cards. Furthermore, cloud storage makes it easier for users to store and share large files without worrying about your file corruption or hardware malfunctions. All you need is an internet connection to make the most of this virtual storage space.</p>



<p>The best part is Hotlink.cc is a free to use service. However, you can upgrade to an Hotlink premium account to enjoy additional services at competitive rates.</p>



<p>The platform is based in the USA, but it has a huge following from all over the world. Moreover, the company is widely regarded as one of the oldest cloud storage platforms operating today, thanks to the fact that they have been in business for over 7 years.</p>



<p>Click the link for more information: <a href="https://hotlinkprime.com/">Hotlink premium</a> and Info on   <a href="https://hotlink.info/">https://hotlink.info/</a></p>



<h2 class="wp-block-heading">User Interface</h2>



<p>Hotlink.cc has a user interface that is not only attractive, but also easy to use. The homepage has a login and a sign-up sections that allow you to either check in into your account or register a new account, respectively. Additionally, you can upgrade your account right away using the Hotlink.cc premium link available on the main page.</p>



<p>Like most international websites, Hotlink.cc is available in four different languages, including, English, Russian, German, and Japanese. You can select your preferred language easily by clicking on the option button at the right top corner of the webpage.</p>



<p>Apparently, you cannot use the Hotlink.cc service without registering. The good news is that signing up is fast and very easy. In fact, the process does not take more than 60 seconds, as you just need to fill out your email address and create a password. After entering the subsequent CAPTCHA code, you may start uploading and downloading files accordingly.</p>



<h2 class="wp-block-heading">Operation</h2>



<p>Hotlink.cc is one of the most flexible file hosting platforms. Firstly, it is compatible with all types of operating systems and web browsers. This allows you to upload any file without much fuss so long as it does not infringe on the terms of use.</p>



<p>Operating your ex-load account is similarly easy. Hotlink.cc gives you several options to export files, and folders. You may also move, copy, and delete files conveniently from the members’ dashboard. In addition, you may upload files remotely or via FTP access, depending on your preferences.</p>



<p>What is more surprising is that ex-load is mobile-friendly and compatible across various devices. This allows you to access and manage your files from anywhere at any time using your PC, mobile phone, or any other technological device.</p>



<p>Nevertheless, Hotlink has a few restrictions for guests and free account holders. Seemingly, you may only store files for 45 days from the last download while premium members enjoy heightened term file storage of up to 100 days from the last download. Furthermore, the maximum upload size for guest and free members is only up to 100 MB. With this in mind, it is only logical that you upgrade to ex-load premium to enjoy unlimited storage and download options.</p>



<h2 class="wp-block-heading">Is Hotlink.cc safe?</h2>



<p>Security is of the utmost importance when storing sensitive files on an online platform. For this reason, Hotlink.cc uses the highest level of protection to offer maximum security for your files and documents. The company employs SSL encryption to protect your files from unauthorized access or any form of data breach. With this kind of protection, even the most intelligent hackers will find a hard time trying to crack into your account.</p>



<p>Additionally, Hotlink prohibits users from creating more than one account. The reason for this is to reduce cases of fraud and prevent malicious use of free members’ accounts. Apparently, it is much easier to monitor any malicious attempts if each member only runs a single account.</p>



<p>Besides the usual security measures, Hotlink encourages members to use strong passwords to protect their accounts. It is also advisable that you change your login credentials regularly to keep hackers at bay.</p>



<h2 class="wp-block-heading">Hotlink.cc Membership Plans</h2>



<h3 class="wp-block-heading">Hotlink Free Membership</h3>



<p>Nearly all cloud storage platforms have a free membership plan, and Hotlink.cc is not an exception. The free membership plan by Hotlink.cc allows you to upload, access, share, and download files from anywhere without paying a dime. The only shortcoming is that you will have to contend with various restrictions such as slow speeds, limited storage space and download limits.</p>



<p>With free membership, download time takes more than 28 minutes. Moreover, you have to enter a CAPTCHA code and wait for a link before you can download your files. As if that is not enough, free members have to endure dozens of irritating advertisements popping up on their screens during the upload/download process.</p>



<p>Additionally, free subscribers cannot download multiple files simultaneously. The fact the free membership does not have “download resume” only makes matters worse. This means that you cannot resume your download in case you lose your connection. With this in mind, it is only logical that you upgrade to a premium account for fast, exceptional services.</p>



<h3 class="wp-block-heading">Hotlink Premium Account</h3>



<p>The Hotlink.cc premium account comes with a wide range of options for an exceptional cloud storage experience. Apart from unlimited storage options, premium members enjoy fast download speeds of up to 100 MB/sec. Moreover, you do not have to enter a Captcha code or wait for a link to download your files. The fact that you will not have to endure irritating adverts makes the Hotlink.cc premium worth joining.</p>



<p>Another major highlight is that you can download multiple files simultaneously, hence saving you much time. Premium members also enjoy “download resume” upon reconnection of your internet connectivity.</p>



<p>Interestingly, paid membership allows you to share your files easily using the Hotlink premium generator. This generator works by converting your file links to HTTP direct links, hence allowing your friends to access your shared files easily.</p>



<h3 class="wp-block-heading">How to Upgrade to Premium Membership</h3>



<p>Upgrading to a premium account is extremely easy. All you have to do is to click on the Hotlink.cc premium link available on their homepage. Alternatively, you may find the premium link on the menu section of your dashboard.</p>



<p>When you click on the appropriate link, your browser will load the premium membership page automatically. From this page, you can select your preferred payment plan depending on your budget.</p>



<figure class="wp-block-image size-large"><img fetchpriority="high" decoding="async" width="1024" height="425" src="/wp-content/uploads/2024/11/hotlink_premium-1024x425.png" alt="" class="wp-image-77" srcset="/wp-content/uploads/2024/11/hotlink_premium-1024x425.png 1024w, /wp-content/uploads/2024/11/hotlink_premium-300x124.png 300w, /wp-content/uploads/2024/11/hotlink_premium-768x318.png 768w, /wp-content/uploads/2024/11/hotlink_premium-1536x637.png 1536w, /wp-content/uploads/2024/11/hotlink_premium-2048x849.png 2048w, /wp-content/uploads/2024/11/hotlink_premium-1568x650.png 1568w" sizes="(max-width: 1024px) 100vw, 1024px" /></figure>



<p>Seemingly, Hotlink.cc offers four types of premium packages. These include:</p>



<ul class="wp-block-list">
<li>The €20 premium package covers 30 days, and it includes 1TB of bandwidth with uploads/downloads of up to 65 GB every 2 days.</li>



<li>The €45 premium package includes all the features 3TB of bandwidth and downloads of up to 65GB every 2 days. However, this package gives members unlimited premium access for 90 days only</li>



<li>The €80 Premium is one of the most popular packages as it offers members unlimited access for 180 days plus 60 days free. With this package, members enjoy 6TB of bandwidth for the first 180 days and 2TB of bandwidth for the next 60 days after the 180 days have elapsed.</li>



<li>The €125 package offers a full year plus 120 extra days of unlimited access to premium services. Moreover, members are entitled to 12TB + 4TB of bandwidth for the 365 and 120 days respectively.</li>
</ul>



<p>Importantly, you may pay for premium membership via a wide range of options including MasterCard, PayPal, Bitcoin, Litecoin, and Ethereum, among many others. all payments are secured using 128-bit encryption.</p>



<p>Amazingly, Hotlink.cc offers a money-back guarantee to all premium members. This means that you may file for a refund in case you are not happy with the quality of service on offer, or you are having trouble accessing premium services from your location. All you have to do is to fill a contract form, indicating the date of purchase, mode of payment, and reason for the refund request. After approval, you will receive your money within 72 hours after filing your application.</p>



<h2 class="wp-block-heading">Hotlink.cc Premium Account Pros and Cons</h2>



<p>Pros</p>



<ul class="wp-block-list">
<li>Unlimited storage options</li>



<li>Fast download speeds</li>



<li>Allows parallel downloads</li>



<li>Download resume on reconnection</li>



<li>Supports a variety of download accelerators</li>



<li>No advertisement or download waiting times</li>



<li>No Captcha codes</li>



<li>Reasonable price plans</li>



<li>Money back guarantee</li>
</ul>



<p>Cons</p>



<ul class="wp-block-list">
<li>Customer support needs improvements</li>
</ul>



<h2 class="wp-block-heading">Customer Support</h2>



<p>Hotlink.cc help desk services are somehow average. The company does not offer phone support or live chat. The only way you can contact the support team is through their ticketing option. This means that you have to wait for a few hours or days before you receive a response.</p>



<h2 class="wp-block-heading">Conclusion</h2>



<p>The premium packages that ex-load offers are incredibly affordable. They come with a wide range of features that are sure to give you an easy time managing your files. Moreover, you can upload and download large files at fast speeds with zero waiting times. If you are yet to upgrade to Hotlink.cc premium, then you are certainly missing out on a lot. </p>



<p></p>
<p>The post <a href="/hotlink-cc-premium-review/">Hotlink.cc Premium Review</a> appeared first on <a href="/">Filehosting Premium</a>.</p>
]]></content:encoded>
					
					<wfw:commentRss>/hotlink-cc-premium-review/feed/</wfw:commentRss>
			<slash:comments>0</slash:comments>
		
		
			</item>
		<item>
		<title>Keep2share Premium Review</title>
		<link>/keep2share-premium-review/</link>
					<comments>/keep2share-premium-review/#respond</comments>
		
		<dc:creator><![CDATA[admin]]></dc:creator>
		<pubDate>Fri, 15 Nov 2024 08:26:07 +0000</pubDate>
				<category><![CDATA[Uncategorized]]></category>
		<guid isPermaLink="false">/?p=71</guid>

					<description><![CDATA[<p>Having the ability to store files online can be very convenient– be it for personal or professional use. It doesn’t matter if these are documents, images, music, files, or something else; we would agree that having an online storage provider is definitely more convenient and practical than having to carry a physical hard drive wherever&#8230; <a class="more-link" href="/keep2share-premium-review/">Continue reading <span class="screen-reader-text">Keep2share Premium Review</span></a></p>
<p>The post <a href="/keep2share-premium-review/">Keep2share Premium Review</a> appeared first on <a href="/">Filehosting Premium</a>.</p>
]]></description>
										<content:encoded><![CDATA[
<p>Having the ability to store files online can be very convenient– be it for personal or professional use. It doesn’t matter if these are documents, images, music, files, or something else; we would agree that having an online storage provider is definitely more convenient and practical than having to carry a physical hard drive wherever you go. Not only is it more cost effective, but it also gives us the confidence that our files are stored safely and would never get corrupted. Best of all these files will be readily available right when we need it– as long as we have an Internet access. Perhaps, one of the most reliable Internet providers out there is 1fichier.com and we’re going to discuss the reason behind it in this Keep2share review. Keep on reading to find out more.</p>



<h2 class="wp-block-heading" id="overview">Overview</h2>



<p>With their headquarters based in Scotland,Keep2Share is considered to be the most reputable file storage providers where you can enjoy fast download and upload speeds that are also 100% secure. Aside from that, what makes them quite popular is the premium account they offer at a very affordable price. It’s so affordable that you would even think that you’re getting more than what you paid for.</p>



<h2 class="wp-block-heading" id="product-details">Product Details</h2>



<p>For business owners, it’s very important to have access to the important files right when they need it, as they often have to meet deadlines. With Keep2Share, it doesn’t really matter if you’re going to upload files, images, music, documents, or videos, these are readily accessible as long as you have the URL but are also private because it wouldn’t be visible to other users as well. You can finally bid goodbye to flash drives, hard drives, and other means to store files. Everything would be ready for download once it has been uploaded on the site.</p>



<h2 class="wp-block-heading" id="what-you-ll-be-enjoying-with-a-premium-account">What You’ll Be Enjoying with a Premium Account</h2>



<p>There’s definitely plenty of things you can enjoy by upgrading to an&nbsp;<a href="https://keep2share.org/">Keep2Share premium</a>&nbsp;account, and some of which include the following:</p>



<figure class="wp-block-image"><img decoding="async" width="996" height="177" src="https://imgr.ltd/wp-content/uploads/2022/11/1fichier-review.webp" alt="1fichier review" class="wp-image-25" srcset="/wp-content/uploads/2022/11/1fichier-review.webp 996w, /wp-content/uploads/2022/11/1fichier-review-300x53.webp 300w, /wp-content/uploads/2022/11/1fichier-review-768x136.webp 768w" sizes="(max-width: 996px) 100vw, 996px" /></figure>



<ul class="wp-block-list">
<li>As long as you have a reliable Internet connection, you’ll definitely be able to enjoy fast downloads. That means you’ll be able to get a copy of your file within minutes!</li>



<li>Believe it or not, the download speed could go as much as 1000 Mbps, and this holds true even for the upload speed.</li>



<li>This is perfect for those who are always on the go. Since there’s the “download immediately” feature you can utilize with a premium account, you don’t have to worry about the waiting time anymore.</li>



<li>With a premium account, you’ll be able to perform multiple downloads. That means you wouldn’t have to stick with one-by-one downloads which can really be time consuming.</li>



<li>Since the upload space is 10 TB, you’ll have enough room for your important files, and use it for a wide range of purpose.</li>



<li>The reason KeepShare is worth the invest is because after a time, you’ll be able to reap a number of benefits. One of which is that you wouldn’t have to worry that your files would eventually disappear because the site is kept up to date and is 100% secured.</li>



<li>When downloading indexes, there are any limitations at all. You’ll be able to get everything you want right when you want it.</li>



<li>Security and safety are very important. With 1fichier.com, you wouldn’t have to worry about this because just like what has been mentioned earlier, you are well-protected.</li>



<li>With one-click download, you can finally bid goodbye to usual delays you often experience with other online storage providers when uploading and filing files on your computer.</li>
</ul>



<h2 class="wp-block-heading" id="who-can-use-1fichier">Who Can Use Keep2<br>Share?</h2>



<p>The wonderful thing about Keep2<br>Share is that it’s for everyone! As long as you have an Internet connection, you’ll be able to use this online storage provider without any issues at all. There’s no need to install any kinds of software either, and downloads can be made through FTP or with a browser. For those who prefer using a software, we highly recommend that you use re-upload for this. Other than that, rest assured that you wouldn’t be experiencing any problems at all.</p>



<p>Aside from the premium account, they also offer a free access account which is perfect for those who would rather be able to try the service first before fully committing into buying it. However, do note that there are also certain limitations with a free account. For one, your access would be quite limited, and you’ll only have an upload and download space of 1 TB. Likewise, the storage space has a limited validity. That means unlike with a premium account, your files wouldn’t be staying there that long. As to downloads, you’ll have no choice but to wait for several minutes, and answer captchas before you can start downloading. Downloading and uploading is also something you can do even if you haven’t registered on the site– which means it can be the perfect uploader for emergency situations.</p>



<p>Then, once you have finally decided to upgrade to a premium account, you can easily do this. All you have to do is visit their official website and pick the length of how long you want your premium plan to last. Also, you’re allowed to cancel or extend the membership depending on how long you want it to be.</p>



<h2 class="wp-block-heading" id="cost">Cost</h2>



<p>A premium Keep2Share account is pretty affordable. With just 13$ you’ll be able to enjoy a month’s worth of membership and you can also register for 1 year, and it would only cost you 13$. Aside from that, they also offer 1 month and 5 monthrs options that you should definitely take advantage of. A variety of payment methods are also being offered by Keep2Share. You can pay using your PayPal account, credit card, WebtoPay, Paysera, and many more. Don’t worry, these are considered to be one of the most secure payment methods available and you don’t have to worry about your information getting stolen.</p>



<h2 class="wp-block-heading" id="final-words">Final Words</h2>



<p>K2s.cc is probably one of the most reputable online storage providers that you can rely on. Ever since its release, hundreds of people have already used this website to upload and download files, and the majority of them could affirm that it has really helped them a lot.</p>



<p>Also check out our roundup of <a href="https://keep2shares.org/">Keep2shares.org</a></p>
<p>The post <a href="/keep2share-premium-review/">Keep2share Premium Review</a> appeared first on <a href="/">Filehosting Premium</a>.</p>
]]></content:encoded>
					
					<wfw:commentRss>/keep2share-premium-review/feed/</wfw:commentRss>
			<slash:comments>0</slash:comments>
		
		
			</item>
		<item>
		<title>katfile vs Turbobit</title>
		<link>/katfile-vs-turbobit/</link>
					<comments>/katfile-vs-turbobit/#respond</comments>
		
		<dc:creator><![CDATA[admin]]></dc:creator>
		<pubDate>Fri, 18 Nov 2022 03:32:03 +0000</pubDate>
				<category><![CDATA[Uncategorized]]></category>
		<guid isPermaLink="false">https://imgr.ltd/?p=22</guid>

					<description><![CDATA[<p>File hosting providers are sprouting left and right due to its demand and popularity. For that reason, it can be quite challenging to determine which among them is the best. One of the few decent file hosting providers available is Katfile.com and Turbobit.net. That&#8217;s why we&#8217;re here to compare these two to determine if they&#8217;re&#8230; <a class="more-link" href="/katfile-vs-turbobit/">Continue reading <span class="screen-reader-text">katfile vs Turbobit</span></a></p>
<p>The post <a href="/katfile-vs-turbobit/">katfile vs Turbobit</a> appeared first on <a href="/">Filehosting Premium</a>.</p>
]]></description>
										<content:encoded><![CDATA[
<p>File hosting providers are sprouting left and right due to its demand and popularity. For that reason, it can be quite challenging to determine which among them is the best. One of the few decent file hosting providers available is Katfile.com and Turbobit.net. That&#8217;s why we&#8217;re here to compare these two to determine if they&#8217;re almost the same, or if one is better than the other. Likewise, we&#8217;ll also be discussing their differences.</p>



<h2 class="wp-block-heading" id="what-is-katfile-com">What Is Katfile.com?</h2>



<p>KatFile is a file hosting provider that offers online storage solutions to its users. Though, aside from that, they also have a remote backup capacity, as well as downloading and uploading tools that are very secure and well-updated. That means you wouldn&#8217;t have to worry about your important files getting stolen, corrupted, or lost. Everything you upload&#8211; be it images, audio, files, video, and the like are all kept in one place.</p>



<p>This is perfect for those who have to send large files but cannot attach them to email. Also, due to its highly secured remote storage capacity in terms of off-site backups, you&#8217;ll have the guarantee that your data files are in good hands. These are all accessible in various devices, computer, and gadgets that have Internet access. Basically, you wouldn&#8217;t have to carry a flash drive anymore.</p>



<h2 class="wp-block-heading" id="what-files-are-you-allowed-to-upload">What Files Are You Allowed to Upload?</h2>



<p>The good thing about <a href="https://katfile.net/">Katfile premium</a> is that you&#8217;re free to upload almost anything as long as it doesn&#8217;t violate their terms of service. This could be important documents, videos, audios, family photos, and so on.</p>



<h2 class="wp-block-heading" id="what-is-turbobit-net">What Is Turbobit.net?</h2>



<p>Turbobit is definitely promising, especially if you&#8217;re going to get a premium account. There are a number of benefits you can enjoy such as unlimited number of downloads and uploads. You don&#8217;t even have to register at all, just to be able to use their services. Instead, you can easily take the files needed for uploaded, and you&#8217;ll be able to upload it in their system. The only issue you might encounter would be with their free account. More often than not, you&#8217;ll end up consuming a lot of time before you can even start with the download process. Some users even complain that the free account has a very slow download speed and a 200 MB limit. These aren&#8217;t something you have to worry about a premium account. You&#8217;ll be able to use their service with ease and be able to share the files with your family and friends right away.</p>



<h2 class="wp-block-heading" id="similarities">Similarities</h2>



<p>Both offer free and premium plans wherein the users will be able to use a number of features with the premium account, but they could also try the service through a free account with certain limits. Aside from that, both of which also allows the use of Internet download manager, and in such a case that your download gets interrupted in the middle, you could retrieve the broken files, granted that you&#8217;re a premium user. If not, then you have no choice but to start again. Other than that, there&#8217;s no denying that both of these file hosting providers are something you can really trust.</p>



<p>If you want to know more, click here:  <a href="https://katfilepremium.com/">https://katfilepremium.com/</a></p>



<p></p>
<p>The post <a href="/katfile-vs-turbobit/">katfile vs Turbobit</a> appeared first on <a href="/">Filehosting Premium</a>.</p>
]]></content:encoded>
					
					<wfw:commentRss>/katfile-vs-turbobit/feed/</wfw:commentRss>
			<slash:comments>0</slash:comments>
		
		
			</item>
		<item>
		<title>Why choose filejoker.net?</title>
		<link>/why-choose-filejoker-net/</link>
					<comments>/why-choose-filejoker-net/#respond</comments>
		
		<dc:creator><![CDATA[admin]]></dc:creator>
		<pubDate>Fri, 18 Nov 2022 03:31:15 +0000</pubDate>
				<category><![CDATA[Uncategorized]]></category>
		<guid isPermaLink="false">https://imgr.ltd/?p=19</guid>

					<description><![CDATA[<p>We&#8217;re becoming heavily reliant on the Internet that more and more file hosting providers is sprouting left and right. Each promising to be the best but doesn&#8217;t mean it&#8217;s really true. This is what makes FileJoker different. Rest assured that you&#8217;ll be getting what you want, and even more. To give you a better idea,&#8230; <a class="more-link" href="/why-choose-filejoker-net/">Continue reading <span class="screen-reader-text">Why choose filejoker.net?</span></a></p>
<p>The post <a href="/why-choose-filejoker-net/">Why choose filejoker.net?</a> appeared first on <a href="/">Filehosting Premium</a>.</p>
]]></description>
										<content:encoded><![CDATA[
<p>We&#8217;re becoming heavily reliant on the Internet that more and more file hosting providers is sprouting left and right. Each promising to be the best but doesn&#8217;t mean it&#8217;s really true. This is what makes FileJoker different. Rest assured that you&#8217;ll be getting what you want, and even more.</p>



<p>To give you a better idea, keep on reading, and by the end of this article, you&#8217;ll know why you should be choosing FileJoker.net.</p>



<h2 class="wp-block-heading" id="why-choose-filejoker-net">Why Choose FileJoker.net?</h2>



<p>For starters, <a href="https://filejoker.info/">FileJoker</a> is very modernized. As you enter their website, you&#8217;ll be welcomed by something that has been attractively designed and easy to navigate. Even learning how to use the website can be a breeze, as the FAQs section contains almost all necessary information that could help you. It&#8217;s also worth noting that they do offer a professional service, and they ensure that the privacy and security of users are well-taken care of.</p>



<h2 class="wp-block-heading" id="free-accounts-available">Free Accounts Available</h2>



<p>If you&#8217;re not fully ready to sign up for a premium account, you can always opt for a free account first. However, do note that with a free account, there are certain limitations you should be aware of.</p>



<p>As you sign up for an account, you wouldn&#8217;t have much trouble at all. All you have to do is input the necessary details, then pick your preferred mode of payment. This is only necessary if you&#8217;re thinking of signing up for a premium account. As for the information you are going to put, don&#8217;t worry, these are in safe hands, and it wouldn&#8217;t be posted elsewhere.</p>



<h2 class="wp-block-heading" id="uploading">Uploading</h2>



<p>Just like any other file sharing services out there, you could upload files through FTP, or using a remote server or through web upload. However, we highly suggest that you stick with FTP as this is one of the few methods preferred by most. Furthermore, unlike any other file hosting out there, you wouldn&#8217;t have to worry that your uploads would be accessed by other users. Likewise, you wouldn&#8217;t be able to check the files uploaded by others as well.</p>



<h2 class="wp-block-heading" id="what-to-expect-in-a-premium-account">What to Expect in a Premium Account</h2>



<p>There are a lot of benefits that you can enjoy from getting a premium account. One of which is downloading priority. Premium account users enjoy faster download speeds, which is very important, especially if you want to save time. This isn&#8217;t something available for free accounts. Parallel downloading is also allowed. By being a premium account holder, you&#8217;ll be able to download multiple files all at once, and even use download accelerators as well.</p>



<p>Best of all, with a premium account, you wouldn&#8217;t have to worry about losing your Internet connection and starting from zero again. You&#8217;ll be able to continue your download from where you last stop, meaning to say, you wouldn&#8217;t be wasting time either.</p>



<figure class="wp-block-image size-full"><img decoding="async" width="1024" height="877" src="https://imgr.ltd/wp-content/uploads/2022/11/filejoker-review.webp" alt="filejoker review" class="wp-image-20" srcset="/wp-content/uploads/2022/11/filejoker-review.webp 1024w, /wp-content/uploads/2022/11/filejoker-review-300x257.webp 300w, /wp-content/uploads/2022/11/filejoker-review-768x658.webp 768w" sizes="(max-width: 1024px) 100vw, 1024px" /></figure>



<h2 class="wp-block-heading" id="security">Security</h2>



<p>FileJoker.net ensures that both of their users, and data being stored in the system are well-protected. They are utilizing a very complex system capable of encrypting each file on its server and protects it from being stolen through hacking a</p>



<p>If you want to know more, click here: <a href="https://tezfilespremium.com/">https://tezfilespremium.com/</a>  and <a href="https://filejokers.net/"> https://filejokers.net/</a></p>



<p></p>
<p>The post <a href="/why-choose-filejoker-net/">Why choose filejoker.net?</a> appeared first on <a href="/">Filehosting Premium</a>.</p>
]]></content:encoded>
					
					<wfw:commentRss>/why-choose-filejoker-net/feed/</wfw:commentRss>
			<slash:comments>0</slash:comments>
		
		
			</item>
		<item>
		<title>File.al Premium Account Review</title>
		<link>/file-al-premium-account-review/</link>
					<comments>/file-al-premium-account-review/#respond</comments>
		
		<dc:creator><![CDATA[admin]]></dc:creator>
		<pubDate>Fri, 18 Nov 2022 03:29:45 +0000</pubDate>
				<category><![CDATA[Uncategorized]]></category>
		<guid isPermaLink="false">https://imgr.ltd/?p=15</guid>

					<description><![CDATA[<p>For a lot of people, the first thing that comes to mind when we talk about file sharing would be attaching a document to an email. Although this would definitely work for small-scale file sharing, once you need to share bigger files, this would be an issue. This is where file sharing services become very&#8230; <a class="more-link" href="/file-al-premium-account-review/">Continue reading <span class="screen-reader-text">File.al Premium Account Review</span></a></p>
<p>The post <a href="/file-al-premium-account-review/">File.al Premium Account Review</a> appeared first on <a href="/">Filehosting Premium</a>.</p>
]]></description>
										<content:encoded><![CDATA[
<p>For a lot of people, the first thing that comes to mind when we talk about file sharing would be attaching a document to an email. Although this would definitely work for small-scale file sharing, once you need to share bigger files, this would be an issue. This is where file sharing services become very useful.</p>



<p>Online file sharing services, such as File.AL, would allow you to store and share even the largest files because your data are hosted on cloud servers for you to store, share, and collaborate. You can even upload files and share them with anyone via download link. Not just that, the best file sharing services also function as collaboration that would allow you to invite others to work on a certain file or folder. Everyone is allowed to make changes or communicate within the platform.</p>



<h2 class="wp-block-heading" id="file-al-overview">File.al: Overview</h2>



<p>File.AL is a file hosting provider that offers online storage, as well as remote backup capacity together with uploading and downloading tools. That means with this program, you&#8217;ll be able to share anything, ranging from videos, files, images, and the like.</p>



<h2 class="wp-block-heading" id="file-al-details">File.al: Details</h2>



<p>What makes File.AL wonderful is that it works well with other apps and services that the editing and viewing of your files isn&#8217;t as complicated anymore. This is very important, especially if you&#8217;re a business owner. You need to look for a program that offers access and retrieval. That&#8217;s why you have to make sure that the provider you&#8217;re going to use can easily verify and function with other tools you use. File.AL specializes in this.</p>



<p>The range of capabilities being offered by File.AL, especially if you&#8217;ll opt for a premium account is incredible. It offers state-of-the-art security, synched folder that&#8217;s accessible everywhere, and the ability to perform co-editing.</p>



<h2 class="wp-block-heading" id="why-should-i-choose-file-al">Why Should I Choose File.AL</h2>



<figure class="wp-block-image size-full"><img decoding="async" width="1024" height="369" src="https://imgr.ltd/wp-content/uploads/2022/11/file-al-premium-features.webp" alt="file al premium features" class="wp-image-16" srcset="/wp-content/uploads/2022/11/file-al-premium-features.webp 1024w, /wp-content/uploads/2022/11/file-al-premium-features-300x108.webp 300w, /wp-content/uploads/2022/11/file-al-premium-features-768x277.webp 768w" sizes="(max-width: 1024px) 100vw, 1024px" /></figure>



<p>If you&#8217;re looking for a storage service provider that would allow you to send large files via email, File.AL would be perfect for this purpose. Likewise, if you need secure remote storage capacity for off-site backups, with this storage provider, you&#8217;ll be able to perform that with ease. Accessing personal data from different computers is also possible, and you don&#8217;t have to carry a USB stick around you anymore. Your files are readily available online.</p>



<p>Of course, you also want to ensure privacy. You don&#8217;t have to worry about other users being able to access your file, as this would be kept private. As long as they don&#8217;t have the URL link, nor your account information, they wouldn&#8217;t be able to sneak.</p>



<h2 class="wp-block-heading" id="file-al-are-there-any-restrictions">File.al:  Are There Any Restrictions?</h2>



<p>Just like with other hosting providers, although you&#8217;re allowed to upload almost any kind of files, there&#8217;s still a restriction. You&#8217;re not allowed to upload pornographic materials, sexual images, nudity, and of course copyrighted material is a big NO. To know more about what you are allowed to upload, we highly advise that you check the terms of service as well.</p>



<h2 class="wp-block-heading" id="deleting-files-from-the-server">Deleting Files from the Server</h2>



<p><br>Once you have decided that you don&#8217;t need the file anymore, and would want to delete it, all you have to do is use the delete link which you&#8217;ll get after the upload process. In such a case that you have accidentally forgotten this code, you&#8217;ll have to wait until your file expires and this would be automatically removed from the server.</p>



<h2 class="wp-block-heading" id="file-al-cons">File.al:  Cons</h2>



<p>Unfortunately, you&#8217;re not allowed to hotlink any kind of files that have been uploaded in the server.</p>



<h2 class="wp-block-heading" id="file-al-premium-account-pricing">File.al Premium Account:  Pricing</h2>



<figure class="wp-block-image size-full"><img decoding="async" width="1024" height="180" src="https://imgr.ltd/wp-content/uploads/2022/11/file-al-price.webp" alt="file.al price" class="wp-image-17" srcset="/wp-content/uploads/2022/11/file-al-price.webp 1024w, /wp-content/uploads/2022/11/file-al-price-300x53.webp 300w, /wp-content/uploads/2022/11/file-al-price-768x135.webp 768w" sizes="(max-width: 1024px) 100vw, 1024px" /></figure>



<p>Although you can use File.AL for free, you can also get a <a href="https://file-al.com/">File.AL premium</a> account to enjoy more benefits. With a premium account, the maximum upload file size is 50000 MB and there&#8217;s no storage space limit. You&#8217;ll also enjoy remote URL upload, download accelerators support, download resume, no download delays, captcha, and advertisement. It&#8217;s also worth noting that with a premium account, your files would be on the server for up to 90 days after last download, while it&#8217;s only 7 days with a free account.</p>



<p>For the pricing of a premium account, you can either opt for a 30-day plan for $19.95, 60-day plan for $29.95, 90-day plan for $39.95, 180-day plant for $69.95, and a 365-day plan for $99.95. Your payment is 100% safe and secured as they accept credit card, Paypal, PaySafe Card, Bitcoin, WebMoney, bank transfer, and many more.</p>



<h2 class="wp-block-heading" id="final-words">Final Words</h2>



<p>File.Al is definitely one of the most reliable cloud storage providers out there. Not only is it easy to use, but you also don&#8217;t have to worry about your information or files getting compromised once you upload them.</p>



<p>Check out my <a href="https://hotlink.info/">Hotlink.info</a>  guides as well.</p>
<p>The post <a href="/file-al-premium-account-review/">File.al Premium Account Review</a> appeared first on <a href="/">Filehosting Premium</a>.</p>
]]></content:encoded>
					
					<wfw:commentRss>/file-al-premium-account-review/feed/</wfw:commentRss>
			<slash:comments>0</slash:comments>
		
		
			</item>
		<item>
		<title>Upstore.net Review — Should I use Free or Premium Account?</title>
		<link>/upstore-net-review-should-i-use-free-or-premium-account/</link>
					<comments>/upstore-net-review-should-i-use-free-or-premium-account/#respond</comments>
		
		<dc:creator><![CDATA[admin]]></dc:creator>
		<pubDate>Fri, 18 Nov 2022 03:26:34 +0000</pubDate>
				<category><![CDATA[Uncategorized]]></category>
		<guid isPermaLink="false">https://imgr.ltd/?p=11</guid>

					<description><![CDATA[<p>Created way back in 2012, Upstore.net is by far the most popular and reliable cloud store — designed to help you upload and store files and folders on the internet whilst allowing for easy sharing with other organizations, as well as friends and family members. Features of Upstore.net User-friendly Interface Managing the files has been&#8230; <a class="more-link" href="/upstore-net-review-should-i-use-free-or-premium-account/">Continue reading <span class="screen-reader-text">Upstore.net Review — Should I use Free or Premium Account?</span></a></p>
<p>The post <a href="/upstore-net-review-should-i-use-free-or-premium-account/">Upstore.net Review — Should I use Free or Premium Account?</a> appeared first on <a href="/">Filehosting Premium</a>.</p>
]]></description>
										<content:encoded><![CDATA[
<p>Created way back in 2012, Upstore.net is by far the most popular and reliable cloud store — designed to help you upload and store files and folders on the internet whilst allowing for easy sharing with other organizations, as well as friends and family members.</p>



<h2 class="wp-block-heading" id="features-of-upstore-net">Features of Upstore.net</h2>



<h3 class="wp-block-heading" id="user-friendly-interface">User-friendly Interface</h3>



<p>Managing the files has been made a lot easier — thanks to the unique Upstore.net file manager, with an easy-to-use interface that supports the drag and drop functions. Clients can create folders to store and track the different types of data based on names, sizes, or date of upload.</p>



<p>If you have large amounts of data or you’re having trouble locating a file directly, you can use the handy search function.</p>



<h3 class="wp-block-heading" id="2-file-sharing-options">2 file-sharing options</h3>



<p>If you need to share small files, the best option is to use the in-bowser file manager. The uploaded data will be displayed in percentage form, with an estimated remaining time for the un-uploaded data.</p>



<p>The second option, which is the FTP server, is ideal for clients that want to upload several files with large amounts of data. With the FTP server option, you enjoy greater upload speeds.</p>



<p>But regardless of the option, you’ll receive a link for the successfully uploaded file.</p>



<h3 class="wp-block-heading" id="state-of-the-art-security">State-of-the-art security</h3>



<p>This online document storage platform employs the top-notch security features to prevent unauthorized access to their data centers. From server monitoring and scanning to advanced 256-bit and 128-bit SSL encryption, you can have a peace of mind that your data under Upstore.net control is absolutely safe. And to add a layer of security, data backup is continuous and access to this data is password protected.</p>



<p>The standard disclaimer is that Upstore.net contains external links to other sites with different security measures and privacy statements. Upstore.net, therefore, will not be responsible for security threats of such sites.</p>



<figure class="wp-block-image size-full"><img decoding="async" width="885" height="363" src="https://imgr.ltd/wp-content/uploads/2022/11/upstore-review.webp" alt="upstore review" class="wp-image-12" srcset="/wp-content/uploads/2022/11/upstore-review.webp 885w, /wp-content/uploads/2022/11/upstore-review-300x123.webp 300w, /wp-content/uploads/2022/11/upstore-review-768x315.webp 768w" sizes="(max-width: 885px) 100vw, 885px" /></figure>



<h2 class="wp-block-heading" id="benefits-of-an-upstore-net-premium-account">Benefits of an Upstore.net premium account</h2>



<p>1.Higher download speeds up to 1000 Mbps, ensuring that no important information is delayed.</p>



<p>2.&nbsp;Supports unlimited parallel downloads. This allows you to launch multiple downloads at the same time, contrary to the conventional way of downloading files one after another.</p>



<p>3.&nbsp;You enjoy safe and secure document storage.</p>



<p>4.&nbsp;The annoying captcha input required for every download is eliminated. It can be irritating to enter captchas, especially if you have lots of files to upload or download.</p>



<p>5.&nbsp;You enjoy downright immediate downloads.</p>



<p>6.&nbsp;An Upstore.net premium offers a brilliant I-click download feature that can help you save a lot of time.</p>



<p>7.&nbsp;Premium clients enjoy uploads of up to 5 GB contrary to the free account users who are limited to 2 GB.</p>



<p>8.&nbsp;You won’t experience any download timeout with a premium account</p>



<p>9.&nbsp;Unlike the free account that allows storage for 90 days, the files on a premium account will be kept on the server forever as long as there are no copyright acts violated.</p>



<p>10.&nbsp;Complemented with download accelerators.</p>



<p>11.&nbsp;There are no special limitations on downloading indexes.</p>



<h2 class="wp-block-heading" id="does-upstore-net-have-a-refund-policy">Does Upstore.net have a refund policy?</h2>



<p>To unlock the premium features, you’ll need to pay for the services in advance. But unfortunately, Upstore.net does not offer refunds to customers for the premium services purchased through their site unless when they’ve made double payments.</p>



<h3 class="wp-block-heading" id="managing-your-subscription-and-cancellation-procedure">Managing your subscription and cancellation procedure</h3>



<p>Upstore.net offers different plans; 33 days and 3 months, with which you can maintain your premium account. You can choose to pay monthly or for every 3 months until you cancel your subscription.</p>



<p>Speaking of cancellation, just visit the account settings on your dashboard and click on “unsubscribe” to terminate the recurring plan. Alternatively, you can contact the customer support team.</p>



<p>Keep in mind though that your current subscription after cancellation will remain active until the period you’ve already paid for expires.</p>



<h2 class="wp-block-heading" id="excellent-customer-support">Excellent Customer Support</h2>



<p>Although creating an account and navigating the Upstore.net site is absolutely straightforward thanks to the clearly structured menus available in English, sometimes you can run into an issue and need to talk to a representative. Well, the customer support team is available to address all your concerns via telephone or email option.</p>



<p>Before contacting them, you’ll want to go through the FAQ section on the site. You may find answers to your questions.</p>



<h2 class="wp-block-heading" id="conclusion">Conclusion</h2>



<p>While you can use a free Upstore.net account, we highly recommend upgrading to premium services as the several advantages and priorities you’ll enjoy are worthwhile. Besides that, the premium account is incredibly affordable than what other file sharing providers offer.</p>



<p>With a premium Upstore.net account, you can finally bid goodbye to the issues associated with the free account, such slow download speed, irritating captcha, download link expiring, limitation to one file, one thread, and waiting for minutes before downloading or uploading again.</p>



<p>If you want to know more, click here: <a href="https://upstore.org/">https://upstore.org/</a></p>
<p>The post <a href="/upstore-net-review-should-i-use-free-or-premium-account/">Upstore.net Review — Should I use Free or Premium Account?</a> appeared first on <a href="/">Filehosting Premium</a>.</p>
]]></content:encoded>
					
					<wfw:commentRss>/upstore-net-review-should-i-use-free-or-premium-account/feed/</wfw:commentRss>
			<slash:comments>0</slash:comments>
		
		
			</item>
		<item>
		<title>Daofile Premium Membership Advantages</title>
		<link>/daofile-premium-membership-advantages/</link>
					<comments>/daofile-premium-membership-advantages/#respond</comments>
		
		<dc:creator><![CDATA[admin]]></dc:creator>
		<pubDate>Fri, 18 Nov 2022 03:25:14 +0000</pubDate>
				<category><![CDATA[Uncategorized]]></category>
		<guid isPermaLink="false">https://imgr.ltd/?p=8</guid>

					<description><![CDATA[<p>Currently one of the most popular sharing sites today, Daofile offers users a host of advantages as soon as they sign up for the service. Chosen by thousands of users all over the world, Daofile offers both standard accounts and Daofile premium accounts to meet the changing needs of the online user. Basic services include&#8230; <a class="more-link" href="/daofile-premium-membership-advantages/">Continue reading <span class="screen-reader-text">Daofile Premium Membership Advantages</span></a></p>
<p>The post <a href="/daofile-premium-membership-advantages/">Daofile Premium Membership Advantages</a> appeared first on <a href="/">Filehosting Premium</a>.</p>
]]></description>
										<content:encoded><![CDATA[
<p>Currently one of the most popular sharing sites today, Daofile offers users a host of advantages as soon as they sign up for the service. Chosen by thousands of users all over the world, Daofile offers both standard accounts and Daofile premium accounts to meet the changing needs of the online user.</p>



<p>Basic services include storage, upload, and download of all types of files in a secure server. However, that is just a small part of what <a href="https://daofile.org/">Daofile</a> can offer.</p>



<h2 class="wp-block-heading" id="daofile-premium-advantages">Daofile Premium Advantages</h2>



<p>The biggest difference between standard and premium users is the storage capacity for each one. While standard members may only use up to 49 GB of space, premium members are given up to 50 GB for their files. Other benefits of the Premium Account are:</p>



<figure class="wp-block-image size-full"><img decoding="async" width="1024" height="227" src="https://imgr.ltd/wp-content/uploads/2022/11/daofile-review.webp" alt="daofile review" class="wp-image-9" srcset="/wp-content/uploads/2022/11/daofile-review.webp 1024w, /wp-content/uploads/2022/11/daofile-review-300x67.webp 300w, /wp-content/uploads/2022/11/daofile-review-768x170.webp 768w" sizes="(max-width: 1024px) 100vw, 1024px" /></figure>



<h3 class="wp-block-heading" id="download-delay">Download Delay</h3>



<p>No download delay to speak of Premium owners will be able to access and download their desired files instantly without any waiting period. The Standard account requires you to wait for 30 seconds.</p>



<h3 class="wp-block-heading" id="safety-and-security-of-file">Safety and Security of File</h3>



<p>The file will be kept for as long as it is necessary. No need to worry about the file suddenly disappearing from the cloud. Premium Account users can rest assured knowing that their file is always available online. Standard users, on the other hand, can only keep their files for 90 days on the site.</p>



<h3 class="wp-block-heading" id="multiple-downloads">Multiple Downloads</h3>



<p>Have the ability to download several items at the same time with no limit on the speed of their entry. The only limit you have to worry about is the speed of your internet connection. If you&#8217;ve got a strong connection to the web, then you should be able to get the file in a matter of seconds.</p>



<h3 class="wp-block-heading" id="pause-download">Pause Download</h3>



<p>Is the file incredibly large? The pause option lets you suspend the download for a few minutes as you focus on something more important. This is perfect if you are watching a video on YouTube at the same time and want to speed up the loading process.</p>



<h3 class="wp-block-heading" id="advertising">Advertising</h3>



<p>Advertising is always irritating, often sprouting just when you are about to gain access to the files you want. With Daofile premium, you will be free from any and all types of advertising, each click leading you directly to the page you want without any delay or rerouting.</p>



<h3 class="wp-block-heading" id="membership-options">Membership Options</h3>



<p>Premium gives you several options as a member. You can maintain a Premium Account for 30 days, 90 days, 180 days, or 365 days, depending on which one works best for you. They also accept multiple methods for online payment with security measures set up to ensure that your personal information remains confidential.</p>



<h3 class="wp-block-heading" id="fast-download">Fast Download</h3>



<p>Download speed would not be limited by the server. You can grab files as quickly as your internet connection will allow. If the connection gets cut off, the system pauses the download so that you don&#8217;t have to start from scratch.</p>



<h2 class="wp-block-heading" id="conclusion">Conclusion</h2>



<p>If you want to make the most of Daofile.com, it is strongly urged to switch to their premium account and avail of all the benefits mentioned above. Of course, you are welcome to try out the standard service first before deciding whether the Daofile.com premium account is the one for you. </p>



<p>In this link: <a href="https://daofiles.net/">Daofiles.net</a>, you can find out more about this offer.</p>
<p>The post <a href="/daofile-premium-membership-advantages/">Daofile Premium Membership Advantages</a> appeared first on <a href="/">Filehosting Premium</a>.</p>
]]></content:encoded>
					
					<wfw:commentRss>/daofile-premium-membership-advantages/feed/</wfw:commentRss>
			<slash:comments>0</slash:comments>
		
		
			</item>
	</channel>
</rss>
